date_,Geography,Variable,Value
2024-06-01,National,Goods Producing,22085000
2024-06-01,National,Government,23202000
2024-06-01,National,Service-Providing,137307000
2024-06-01,National,Total Private,136190000
2024-05-01,National,Goods Producing,21834000
2024-05-01,National,Government,23558000
2024-05-01,National,Service-Providing,137011000
2024-05-01,National,Total Private,135287000
2024-04-01,National,Goods Producing,21656000
2024-04-01,National,Government,23597000
2024-04-01,National,Service-Providing,136345000
2024-04-01,National,Total Private,134404000
2024-03-01,National,Goods Producing,21515000
2024-03-01,National,Government,23580000
2024-03-01,National,Service-Providing,135695000
2024-03-01,National,Total Private,133630000
2024-02-01,National,Goods Producing,21399000
2024-02-01,National,Government,23453000
2024-02-01,National,Service-Providing,135152000
2024-02-01,National,Total Private,133098000
2024-01-01,National,Goods Producing,21313000
2024-01-01,National,Government,23002000
2024-01-01,National,Service-Providing,134119000
2024-01-01,National,Total Private,132430000
2023-12-01,National,Goods Producing,21684000
2023-12-01,National,Government,23368000
2023-12-01,National,Service-Providing,136585000
2023-12-01,National,Total Private,134901000
2023-11-01,National,Goods Producing,21768000
2023-11-01,National,Government,23466000
2023-11-01,National,Service-Providing,136579000
2023-11-01,National,Total Private,134881000
2023-10-01,National,Goods Producing,21819000
2023-10-01,National,Government,23328000
2023-10-01,National,Service-Providing,136059000
2023-10-01,National,Total Private,134550000
2023-09-01,National,Goods Producing,21818000
2023-09-01,National,Government,22984000
2023-09-01,National,Service-Providing,135027000
2023-09-01,National,Total Private,133861000
2023-08-01,National,Goods Producing,21916000
2023-08-01,National,Government,22029000
2023-08-01,National,Service-Providing,134439000
2023-08-01,National,Total Private,134326000
2023-07-01,National,Goods Producing,21889000
2023-07-01,National,Government,21610000
2023-07-01,National,Service-Providing,134092000
2023-07-01,National,Total Private,134371000
2023-06-01,National,Goods Producing,21860000
2023-06-01,National,Government,22609000
2023-06-01,National,Service-Providing,134982000
2023-06-01,National,Total Private,134233000
2023-05-01,National,Goods Producing,21574000
2023-05-01,National,Government,22962000
2023-05-01,National,Service-Providing,134558000
2023-05-01,National,Total Private,133170000
2023-04-01,National,Goods Producing,21403000
2023-04-01,National,Government,22962000
2023-04-01,National,Service-Providing,133798000
2023-04-01,National,Total Private,132239000
2023-03-01,National,Goods Producing,21218000
2023-03-01,National,Government,22886000
2023-03-01,National,Service-Providing,133035000
2023-03-01,National,Total Private,131367000
2023-02-01,National,Goods Producing,21159000
2023-02-01,National,Government,22804000
2023-02-01,National,Service-Providing,132658000
2023-02-01,National,Total Private,131013000
2023-01-01,National,Goods Producing,21062000
2023-01-01,National,Government,22375000
2023-01-01,National,Service-Providing,131626000
2023-01-01,National,Total Private,130313000
2022-12-01,National,Goods Producing,21379000
2022-12-01,National,Government,22645000
2022-12-01,National,Service-Providing,133832000
2022-12-01,National,Total Private,132566000
2022-11-01,National,Goods Producing,21501000
2022-11-01,National,Government,22818000
2022-11-01,National,Service-Providing,134018000
2022-11-01,National,Total Private,132701000
2022-10-01,National,Goods Producing,21554000
2022-10-01,National,Government,22656000
2022-10-01,National,Service-Providing,133382000
2022-10-01,National,Total Private,132280000
2022-09-01,National,Goods Producing,21499000
2022-09-01,National,Government,22354000
2022-09-01,National,Service-Providing,132231000
2022-09-01,National,Total Private,131376000
2022-08-01,National,Goods Producing,21572000
2022-08-01,National,Government,21441000
2022-08-01,National,Service-Providing,131636000
2022-08-01,National,Total Private,131767000
2022-07-01,National,Goods Producing,21541000
2022-07-01,National,Government,21091000
2022-07-01,National,Service-Providing,131272000
2022-07-01,National,Total Private,131722000
2022-06-01,National,Goods Producing,21447000
2022-06-01,National,Government,21978000
2022-06-01,National,Service-Providing,131728000
2022-06-01,National,Total Private,131197000
2022-05-01,National,Goods Producing,21150000
2022-05-01,National,Government,22372000
2022-05-01,National,Service-Providing,131114000
2022-05-01,National,Total Private,129892000
2022-04-01,National,Goods Producing,20936000
2022-04-01,National,Government,22398000
2022-04-01,National,Service-Providing,130498000
2022-04-01,National,Total Private,129036000
2022-03-01,National,Goods Producing,20719000
2022-03-01,National,Government,22326000
2022-03-01,National,Service-Providing,129692000
2022-03-01,National,Total Private,128085000
2022-02-01,National,Goods Producing,20523000
2022-02-01,National,Government,22268000
2022-02-01,National,Service-Providing,129083000
2022-02-01,National,Total Private,127338000
2022-01-01,National,Goods Producing,20330000
2022-01-01,National,Government,21939000
2022-01-01,National,Service-Providing,127602000
2022-01-01,National,Total Private,125993000
2021-12-01,National,Goods Producing,20675000
2021-12-01,National,Government,22355000
2021-12-01,National,Service-Providing,130065000
2021-12-01,National,Total Private,128385000
2021-11-01,National,Goods Producing,20748000
2021-11-01,National,Government,22484000
2021-11-01,National,Service-Providing,129795000
2021-11-01,National,Total Private,128059000
2021-10-01,National,Goods Producing,20750000
2021-10-01,National,Government,22404000
2021-10-01,National,Service-Providing,128855000
2021-10-01,National,Total Private,127201000
2021-09-01,National,Goods Producing,20644000
2021-09-01,National,Government,22157000
2021-09-01,National,Service-Providing,127273000
2021-09-01,National,Total Private,125760000
2021-08-01,National,Goods Producing,20681000
2021-08-01,National,Government,21252000
2021-08-01,National,Service-Providing,126478000
2021-08-01,National,Total Private,125907000
2021-07-01,National,Goods Producing,20624000
2021-07-01,National,Government,20948000
2021-07-01,National,Service-Providing,125995000
2021-07-01,National,Total Private,125671000
2021-06-01,National,Goods Producing,20501000
2021-06-01,National,Government,21874000
2021-06-01,National,Service-Providing,126125000
2021-06-01,National,Total Private,124752000
2021-05-01,National,Goods Producing,20234000
2021-05-01,National,Government,22177000
2021-05-01,National,Service-Providing,125158000
2021-05-01,National,Total Private,123215000
2021-04-01,National,Goods Producing,20057000
2021-04-01,National,Government,22233000
2021-04-01,National,Service-Providing,124345000
2021-04-01,National,Total Private,122169000
2021-03-01,National,Goods Producing,19934000
2021-03-01,National,Government,22143000
2021-03-01,National,Service-Providing,123374000
2021-03-01,National,Total Private,121165000
2021-02-01,National,Goods Producing,19670000
2021-02-01,National,Government,21993000
2021-02-01,National,Service-Providing,122459000
2021-02-01,National,Total Private,120136000
2021-01-01,National,Goods Producing,19682000
2021-01-01,National,Government,21660000
2021-01-01,National,Service-Providing,121292000
2021-01-01,National,Total Private,119314000
2020-12-01,National,Goods Producing,20060000
2020-12-01,National,Government,21986000
2020-12-01,National,Service-Providing,123544000
2020-12-01,National,Total Private,121618000
2020-11-01,National,Goods Producing,20105000
2020-11-01,National,Government,22158000
2020-11-01,National,Service-Providing,124011000
2020-11-01,National,Total Private,121958000
2020-10-01,National,Goods Producing,20177000
2020-10-01,National,Government,22132000
2020-10-01,National,Service-Providing,123387000
2020-10-01,National,Total Private,121432000
2020-09-01,National,Goods Producing,20086000
2020-09-01,National,Government,21970000
2020-09-01,National,Service-Providing,121871000
2020-09-01,National,Total Private,119987000
2020-08-01,National,Goods Producing,20128000
2020-08-01,National,Government,21127000
2020-08-01,National,Service-Providing,120599000
2020-08-01,National,Total Private,119600000
2020-07-01,National,Goods Producing,20082000
2020-07-01,National,Government,20392000
2020-07-01,National,Service-Providing,119023000
2020-07-01,National,Total Private,118713000
2020-06-01,National,Goods Producing,19996000
2020-06-01,National,Government,21296000
2020-06-01,National,Service-Providing,118511000
2020-06-01,National,Total Private,117211000
2020-05-01,National,Goods Producing,19278000
2020-05-01,National,Government,21660000
2020-05-01,National,Service-Providing,114144000
2020-05-01,National,Total Private,111762000
2020-04-01,National,Goods Producing,18424000
2020-04-01,National,Government,22240000
2020-04-01,National,Service-Providing,111829000
2020-04-01,National,Total Private,108013000
2020-03-01,National,Goods Producing,20638000
2020-03-01,National,Government,23127000
2020-03-01,National,Service-Providing,129314000
2020-03-01,National,Total Private,126825000
2020-02-01,National,Goods Producing,20680000
2020-02-01,National,Government,23094000
2020-02-01,National,Service-Providing,130287000
2020-02-01,National,Total Private,127873000
2020-01-01,National,Goods Producing,20626000
2020-01-01,National,Government,22650000
2020-01-01,National,Service-Providing,129430000
2020-01-01,National,Total Private,127406000
2019-12-01,National,Goods Producing,20965000
2019-12-01,National,Government,23057000
2019-12-01,National,Service-Providing,131880000
2019-12-01,National,Total Private,129788000
2019-11-01,National,Goods Producing,21143000
2019-11-01,National,Government,23195000
2019-11-01,National,Service-Providing,131952000
2019-11-01,National,Total Private,129900000
2019-10-01,National,Goods Producing,21224000
2019-10-01,National,Government,23060000
2019-10-01,National,Service-Providing,131276000
2019-10-01,National,Total Private,129440000
2019-09-01,National,Goods Producing,21275000
2019-09-01,National,Government,22672000
2019-09-01,National,Service-Providing,130235000
2019-09-01,National,Total Private,128838000
2019-08-01,National,Goods Producing,21393000
2019-08-01,National,Government,21697000
2019-08-01,National,Service-Providing,129701000
2019-08-01,National,Total Private,129397000
2019-07-01,National,Goods Producing,21385000
2019-07-01,National,Government,21325000
2019-07-01,National,Service-Providing,129273000
2019-07-01,National,Total Private,129333000
2019-06-01,National,Goods Producing,21345000
2019-06-01,National,Government,22476000
2019-06-01,National,Service-Providing,130369000
2019-06-01,National,Total Private,129238000
2019-05-01,National,Goods Producing,21074000
2019-05-01,National,Government,22867000
2019-05-01,National,Service-Providing,130019000
2019-05-01,National,Total Private,128226000
2019-04-01,National,Goods Producing,20877000
2019-04-01,National,Government,22952000
2019-04-01,National,Service-Providing,129545000
2019-04-01,National,Total Private,127470000
2019-03-01,National,Goods Producing,20675000
2019-03-01,National,Government,22886000
2019-03-01,National,Service-Providing,128685000
2019-03-01,National,Total Private,126474000
2019-02-01,National,Goods Producing,20554000
2019-02-01,National,Government,22793000
2019-02-01,National,Service-Providing,128129000
2019-02-01,National,Total Private,125890000
2019-01-01,National,Goods Producing,20539000
2019-01-01,National,Government,22378000
2019-01-01,National,Service-Providing,127339000
2019-01-01,National,Total Private,125500000
2018-12-01,National,Goods Producing,20867000
2018-12-01,National,Government,22854000
2018-12-01,National,Service-Providing,129964000
2018-12-01,National,Total Private,127977000
2018-11-01,National,Goods Producing,20975000
2018-11-01,National,Government,22971000
2018-11-01,National,Service-Providing,130057000
2018-11-01,National,Total Private,128061000
2018-10-01,National,Goods Producing,21078000
2018-10-01,National,Government,22862000
2018-10-01,National,Service-Providing,129475000
2018-10-01,National,Total Private,127691000
2018-09-01,National,Goods Producing,21054000
2018-09-01,National,Government,22470000
2018-09-01,National,Service-Providing,128491000
2018-09-01,National,Total Private,127075000
2018-08-01,National,Goods Producing,21138000
2018-08-01,National,Government,21511000
2018-08-01,National,Service-Providing,128098000
2018-08-01,National,Total Private,127725000
2018-07-01,National,Goods Producing,21075000
2018-07-01,National,Government,21178000
2018-07-01,National,Service-Providing,127692000
2018-07-01,National,Total Private,127589000
2018-06-01,National,Goods Producing,21007000
2018-06-01,National,Government,22365000
2018-06-01,National,Service-Providing,128923000
2018-06-01,National,Total Private,127565000
2018-05-01,National,Goods Producing,20694000
2018-05-01,National,Government,22753000
2018-05-01,National,Service-Providing,128570000
2018-05-01,National,Total Private,126511000
2018-04-01,National,Goods Producing,20421000
2018-04-01,National,Government,22804000
2018-04-01,National,Service-Providing,127908000
2018-04-01,National,Total Private,125525000
2018-03-01,National,Goods Producing,20195000
2018-03-01,National,Government,22767000
2018-03-01,National,Service-Providing,127157000
2018-03-01,National,Total Private,124585000
2018-02-01,National,Goods Producing,20057000
2018-02-01,National,Government,22697000
2018-02-01,National,Service-Providing,126592000
2018-02-01,National,Total Private,123952000
2018-01-01,National,Goods Producing,19884000
2018-01-01,National,Government,22225000
2018-01-01,National,Service-Providing,125528000
2018-01-01,National,Total Private,123187000
2017-12-01,National,Goods Producing,20246000
2017-12-01,National,Government,22741000
2017-12-01,National,Service-Providing,128263000
2017-12-01,National,Total Private,125768000
2017-11-01,National,Goods Producing,20354000
2017-11-01,National,Government,22872000
2017-11-01,National,Service-Providing,128404000
2017-11-01,National,Total Private,125886000
2017-10-01,National,Goods Producing,20403000
2017-10-01,National,Government,22739000
2017-10-01,National,Service-Providing,127779000
2017-10-01,National,Total Private,125443000
2017-09-01,National,Goods Producing,20398000
2017-09-01,National,Government,22318000
2017-09-01,National,Service-Providing,126771000
2017-09-01,National,Total Private,124851000
2017-08-01,National,Goods Producing,20490000
2017-08-01,National,Government,21311000
2017-08-01,National,Service-Providing,126292000
2017-08-01,National,Total Private,125471000
2017-07-01,National,Goods Producing,20393000
2017-07-01,National,Government,21077000
2017-07-01,National,Service-Providing,126071000
2017-07-01,National,Total Private,125387000
2017-06-01,National,Goods Producing,20357000
2017-06-01,National,Government,22261000
2017-06-01,National,Service-Providing,127209000
2017-06-01,National,Total Private,125305000
2017-05-01,National,Goods Producing,20056000
2017-05-01,National,Government,22665000
2017-05-01,National,Service-Providing,126868000
2017-05-01,National,Total Private,124259000
2017-04-01,National,Goods Producing,19827000
2017-04-01,National,Government,22721000
2017-04-01,National,Service-Providing,126259000
2017-04-01,National,Total Private,123365000
2017-03-01,National,Goods Producing,19624000
2017-03-01,National,Government,22693000
2017-03-01,National,Service-Providing,125438000
2017-03-01,National,Total Private,122369000
2017-02-01,National,Goods Producing,19487000
2017-02-01,National,Government,22625000
2017-02-01,National,Service-Providing,124918000
2017-02-01,National,Total Private,121780000
2017-01-01,National,Goods Producing,19373000
2017-01-01,National,Government,22171000
2017-01-01,National,Service-Providing,124003000
2017-01-01,National,Total Private,121205000
2016-12-01,National,Goods Producing,19700000
2016-12-01,National,Government,22639000
2016-12-01,National,Service-Providing,126552000
2016-12-01,National,Total Private,123613000
2016-11-01,National,Goods Producing,19893000
2016-11-01,National,Government,22780000
2016-11-01,National,Service-Providing,126572000
2016-11-01,National,Total Private,123685000
2016-10-01,National,Goods Producing,19992000
2016-10-01,National,Government,22658000
2016-10-01,National,Service-Providing,126040000
2016-10-01,National,Total Private,123374000
2016-09-01,National,Goods Producing,20007000
2016-09-01,National,Government,22239000
2016-09-01,National,Service-Providing,125143000
2016-09-01,National,Total Private,122911000
2016-08-01,National,Goods Producing,20093000
2016-08-01,National,Government,21203000
2016-08-01,National,Service-Providing,124392000
2016-08-01,National,Total Private,123282000
2016-07-01,National,Goods Producing,20095000
2016-07-01,National,Government,21000000
2016-07-01,National,Service-Providing,124137000
2016-07-01,National,Total Private,123232000
2016-06-01,National,Goods Producing,20015000
2016-06-01,National,Government,22106000
2016-06-01,National,Service-Providing,125190000
2016-06-01,National,Total Private,123099000
2016-05-01,National,Goods Producing,19736000
2016-05-01,National,Government,22540000
2016-05-01,National,Service-Providing,124804000
2016-05-01,National,Total Private,122000000
2016-04-01,National,Goods Producing,19581000
2016-04-01,National,Government,22579000
2016-04-01,National,Service-Providing,124312000
2016-04-01,National,Total Private,121314000
2016-03-01,National,Goods Producing,19370000
2016-03-01,National,Government,22552000
2016-03-01,National,Service-Providing,123427000
2016-03-01,National,Total Private,120245000
2016-02-01,National,Goods Producing,19243000
2016-02-01,National,Government,22413000
2016-02-01,National,Service-Providing,122658000
2016-02-01,National,Total Private,119488000
2016-01-01,National,Goods Producing,19266000
2016-01-01,National,Government,21980000
2016-01-01,National,Service-Providing,121806000
2016-01-01,National,Total Private,119092000
2015-12-01,National,Goods Producing,19658000
2015-12-01,National,Government,22460000
2015-12-01,National,Service-Providing,124387000
2015-12-01,National,Total Private,121585000
2015-11-01,National,Goods Producing,19801000
2015-11-01,National,Government,22557000
2015-11-01,National,Service-Providing,124248000
2015-11-01,National,Total Private,121492000
2015-10-01,National,Goods Producing,19893000
2015-10-01,National,Government,22446000
2015-10-01,National,Service-Providing,123733000
2015-10-01,National,Total Private,121180000
2015-09-01,National,Goods Producing,19887000
2015-09-01,National,Government,21973000
2015-09-01,National,Service-Providing,122590000
2015-09-01,National,Total Private,120504000
2015-08-01,National,Goods Producing,19992000
2015-08-01,National,Government,20973000
2015-08-01,National,Service-Providing,121929000
2015-08-01,National,Total Private,120948000
2015-07-01,National,Goods Producing,19962000
2015-07-01,National,Government,20784000
2015-07-01,National,Service-Providing,121767000
2015-07-01,National,Total Private,120945000
2015-06-01,National,Goods Producing,19875000
2015-06-01,National,Government,21949000
2015-06-01,National,Service-Providing,122806000
2015-06-01,National,Total Private,120732000
2015-05-01,National,Goods Producing,19627000
2015-05-01,National,Government,22365000
2015-05-01,National,Service-Providing,122578000
2015-05-01,National,Total Private,119840000
2015-04-01,National,Goods Producing,19399000
2015-04-01,National,Government,22409000
2015-04-01,National,Service-Providing,121865000
2015-04-01,National,Total Private,118855000
2015-03-01,National,Goods Producing,19153000
2015-03-01,National,Government,22348000
2015-03-01,National,Service-Providing,120927000
2015-03-01,National,Total Private,117732000
2015-02-01,National,Goods Producing,19042000
2015-02-01,National,Government,22259000
2015-02-01,National,Service-Providing,120281000
2015-02-01,National,Total Private,117064000
2015-01-01,National,Goods Producing,19033000
2015-01-01,National,Government,21823000
2015-01-01,National,Service-Providing,119458000
2015-01-01,National,Total Private,116668000
2014-12-01,National,Goods Producing,19397000
2014-12-01,National,Government,22307000
2014-12-01,National,Service-Providing,121909000
2014-12-01,National,Total Private,118999000
2014-11-01,National,Goods Producing,19552000
2014-11-01,National,Government,22421000
2014-11-01,National,Service-Providing,121762000
2014-11-01,National,Total Private,118893000
2014-10-01,National,Goods Producing,19643000
2014-10-01,National,Government,22307000
2014-10-01,National,Service-Providing,121205000
2014-10-01,National,Total Private,118541000
2014-09-01,National,Goods Producing,19640000
2014-09-01,National,Government,21810000
2014-09-01,National,Service-Providing,120153000
2014-09-01,National,Total Private,117983000
2014-08-01,National,Goods Producing,19685000
2014-08-01,National,Government,20794000
2014-08-01,National,Service-Providing,119420000
2014-08-01,National,Total Private,118311000
2014-07-01,National,Goods Producing,19606000
2014-07-01,National,Government,20590000
2014-07-01,National,Service-Providing,119121000
2014-07-01,National,Total Private,118137000
2014-06-01,National,Goods Producing,19470000
2014-06-01,National,Government,21837000
2014-06-01,National,Service-Providing,120334000
2014-06-01,National,Total Private,117967000
2014-05-01,National,Goods Producing,19178000
2014-05-01,National,Government,22227000
2014-05-01,National,Service-Providing,120039000
2014-05-01,National,Total Private,116990000
2014-04-01,National,Goods Producing,18924000
2014-04-01,National,Government,22274000
2014-04-01,National,Service-Providing,119382000
2014-04-01,National,Total Private,116032000
2014-03-01,National,Goods Producing,18675000
2014-03-01,National,Government,22225000
2014-03-01,National,Service-Providing,118494000
2014-03-01,National,Total Private,114944000
2014-02-01,National,Goods Producing,18491000
2014-02-01,National,Government,22110000
2014-02-01,National,Service-Providing,117720000
2014-02-01,National,Total Private,114101000
2014-01-01,National,Goods Producing,18456000
2014-01-01,National,Government,21679000
2014-01-01,National,Service-Providing,117015000
2014-01-01,National,Total Private,113792000
2013-12-01,National,Goods Producing,18793000
2013-12-01,National,Government,22179000
2013-12-01,National,Service-Providing,119481000
2013-12-01,National,Total Private,116095000
2013-11-01,National,Goods Producing,19007000
2013-11-01,National,Government,22314000
2013-11-01,National,Service-Providing,119518000
2013-11-01,National,Total Private,116211000
2013-10-01,National,Goods Producing,19098000
2013-10-01,National,Government,22193000
2013-10-01,National,Service-Providing,118903000
2013-10-01,National,Total Private,115808000
2013-09-01,National,Goods Producing,19097000
2013-09-01,National,Government,21728000
2013-09-01,National,Service-Providing,117980000
2013-09-01,National,Total Private,115349000
2013-08-01,National,Goods Producing,19140000
2013-08-01,National,Government,20753000
2013-08-01,National,Service-Providing,117331000
2013-08-01,National,Total Private,115718000
2013-07-01,National,Goods Producing,19048000
2013-07-01,National,Government,20524000
2013-07-01,National,Service-Providing,116986000
2013-07-01,National,Total Private,115510000
2013-06-01,National,Goods Producing,18997000
2013-06-01,National,Government,21785000
2013-06-01,National,Service-Providing,118212000
2013-06-01,National,Total Private,115424000
2013-05-01,National,Goods Producing,18723000
2013-05-01,National,Government,22242000
2013-05-01,National,Service-Providing,118074000
2013-05-01,National,Total Private,114555000
2013-04-01,National,Goods Producing,18469000
2013-04-01,National,Government,22290000
2013-04-01,National,Service-Providing,117436000
2013-04-01,National,Total Private,113615000
2013-03-01,National,Goods Producing,18283000
2013-03-01,National,Government,22273000
2013-03-01,National,Service-Providing,116618000
2013-03-01,National,Total Private,112628000
2013-02-01,National,Goods Producing,18131000
2013-02-01,National,Government,22217000
2013-02-01,National,Service-Providing,115971000
2013-02-01,National,Total Private,111885000
2013-01-01,National,Goods Producing,18071000
2013-01-01,National,Government,21732000
2013-01-01,National,Service-Providing,114992000
2013-01-01,National,Total Private,111331000
2012-12-01,National,Goods Producing,18440000
2012-12-01,National,Government,22245000
2012-12-01,National,Service-Providing,117507000
2012-12-01,National,Total Private,113702000
2012-11-01,National,Goods Producing,18588000
2012-11-01,National,Government,22358000
2012-11-01,National,Service-Providing,117435000
2012-11-01,National,Total Private,113665000
2012-10-01,National,Goods Producing,18729000
2012-10-01,National,Government,22258000
2012-10-01,National,Service-Providing,116904000
2012-10-01,National,Total Private,113375000
2012-09-01,National,Goods Producing,18765000
2012-09-01,National,Government,21798000
2012-09-01,National,Service-Providing,116018000
2012-09-01,National,Total Private,112985000
2012-08-01,National,Goods Producing,18850000
2012-08-01,National,Government,20830000
2012-08-01,National,Service-Providing,115306000
2012-08-01,National,Total Private,113326000
2012-07-01,National,Goods Producing,18795000
2012-07-01,National,Government,20624000
2012-07-01,National,Service-Providing,114983000
2012-07-01,National,Total Private,113154000
2012-06-01,National,Goods Producing,18711000
2012-06-01,National,Government,21850000
2012-06-01,National,Service-Providing,116275000
2012-06-01,National,Total Private,113136000
2012-05-01,National,Goods Producing,18418000
2012-05-01,National,Government,22300000
2012-05-01,National,Service-Providing,116230000
2012-05-01,National,Total Private,112348000
2012-04-01,National,Goods Producing,18180000
2012-04-01,National,Government,22349000
2012-04-01,National,Service-Providing,115656000
2012-04-01,National,Total Private,111487000
2012-03-01,National,Goods Producing,17971000
2012-03-01,National,Government,22348000
2012-03-01,National,Service-Providing,114983000
2012-03-01,National,Total Private,110606000
2012-02-01,National,Goods Producing,17802000
2012-02-01,National,Government,22271000
2012-02-01,National,Service-Providing,114248000
2012-02-01,National,Total Private,109779000
2012-01-01,National,Goods Producing,17796000
2012-01-01,National,Government,21810000
2012-01-01,National,Service-Providing,113298000
2012-01-01,National,Total Private,109284000
2011-12-01,National,Goods Producing,18141000
2011-12-01,National,Government,22290000
2011-12-01,National,Service-Providing,115560000
2011-12-01,National,Total Private,111411000
2011-11-01,National,Goods Producing,18325000
2011-11-01,National,Government,22441000
2011-11-01,National,Service-Providing,115551000
2011-11-01,National,Total Private,111435000
2011-10-01,National,Goods Producing,18464000
2011-10-01,National,Government,22359000
2011-10-01,National,Service-Providing,115076000
2011-10-01,National,Total Private,111181000
2011-09-01,National,Goods Producing,18479000
2011-09-01,National,Government,21848000
2011-09-01,National,Service-Providing,114138000
2011-09-01,National,Total Private,110769000
2011-08-01,National,Goods Producing,18524000
2011-08-01,National,Government,20868000
2011-08-01,National,Service-Providing,113346000
2011-08-01,National,Total Private,111002000
2011-07-01,National,Goods Producing,18435000
2011-07-01,National,Government,20767000
2011-07-01,National,Service-Providing,113164000
2011-07-01,National,Total Private,110832000
2011-06-01,National,Goods Producing,18327000
2011-06-01,National,Government,22094000
2011-06-01,National,Service-Providing,114544000
2011-06-01,National,Total Private,110777000
2011-05-01,National,Goods Producing,18022000
2011-05-01,National,Government,22525000
2011-05-01,National,Service-Providing,114360000
2011-05-01,National,Total Private,109857000
2011-04-01,National,Goods Producing,17761000
2011-04-01,National,Government,22617000
2011-04-01,National,Service-Providing,113937000
2011-04-01,National,Total Private,109081000
2011-03-01,National,Goods Producing,17487000
2011-03-01,National,Government,22595000
2011-03-01,National,Service-Providing,112995000
2011-03-01,National,Total Private,107887000
2011-02-01,National,Goods Producing,17314000
2011-02-01,National,Government,22505000
2011-02-01,National,Service-Providing,112262000
2011-02-01,National,Total Private,107071000
2011-01-01,National,Goods Producing,17291000
2011-01-01,National,Government,22128000
2011-01-01,National,Service-Providing,111469000
2011-01-01,National,Total Private,106632000
2010-12-01,National,Goods Producing,17704000
2010-12-01,National,Government,22607000
2010-12-01,National,Service-Providing,113918000
2010-12-01,National,Total Private,109015000
2010-11-01,National,Goods Producing,17979000
2010-11-01,National,Government,22767000
2010-11-01,National,Service-Providing,113951000
2010-11-01,National,Total Private,109163000
2010-10-01,National,Goods Producing,18094000
2010-10-01,National,Government,22657000
2010-10-01,National,Service-Providing,113530000
2010-10-01,National,Total Private,108967000
2010-09-01,National,Goods Producing,18103000
2010-09-01,National,Government,22101000
2010-09-01,National,Service-Providing,112547000
2010-09-01,National,Total Private,108549000
2010-08-01,National,Goods Producing,18198000
2010-08-01,National,Government,21239000
2010-08-01,National,Service-Providing,111960000
2010-08-01,National,Total Private,108919000
2010-07-01,National,Goods Producing,18098000
2010-07-01,National,Government,21327000
2010-07-01,National,Service-Providing,111996000
2010-07-01,National,Total Private,108767000
2010-06-01,National,Goods Producing,18019000
2010-06-01,National,Government,22738000
2010-06-01,National,Service-Providing,113412000
2010-06-01,National,Total Private,108693000
2010-05-01,National,Goods Producing,17755000
2010-05-01,National,Government,23399000
2010-05-01,National,Service-Providing,113558000
2010-05-01,National,Total Private,107914000
2010-04-01,National,Goods Producing,17520000
2010-04-01,National,Government,22992000
2010-04-01,National,Service-Providing,112675000
2010-04-01,National,Total Private,107203000
2010-03-01,National,Goods Producing,17248000
2010-03-01,National,Government,22913000
2010-03-01,National,Service-Providing,111825000
2010-03-01,National,Total Private,106160000
2010-02-01,National,Goods Producing,17087000
2010-02-01,National,Government,22765000
2010-02-01,National,Service-Providing,111153000
2010-02-01,National,Total Private,105475000
2010-01-01,National,Goods Producing,17206000
2010-01-01,National,Government,22376000
2010-01-01,National,Service-Providing,110598000
2010-01-01,National,Total Private,105428000
2009-12-01,National,Goods Producing,17721000
2009-12-01,National,Government,22840000
2009-12-01,National,Service-Providing,112952000
2009-12-01,National,Total Private,107833000
2009-11-01,National,Goods Producing,18041000
2009-11-01,National,Government,23007000
2009-11-01,National,Service-Providing,113179000
2009-11-01,National,Total Private,108213000
2009-10-01,National,Goods Producing,18234000
2009-10-01,National,Government,22905000
2009-10-01,National,Service-Providing,112938000
2009-10-01,National,Total Private,108267000
2009-09-01,National,Goods Producing,18399000
2009-09-01,National,Government,22291000
2009-09-01,National,Service-Providing,112172000
2009-09-01,National,Total Private,108280000
2009-08-01,National,Goods Producing,18561000
2009-08-01,National,Government,21349000
2009-08-01,National,Service-Providing,111655000
2009-08-01,National,Total Private,108867000
2009-07-01,National,Goods Producing,18598000
2009-07-01,National,Government,21280000
2009-07-01,National,Service-Providing,111739000
2009-07-01,National,Total Private,109057000
2009-06-01,National,Goods Producing,18686000
2009-06-01,National,Government,22564000
2009-06-01,National,Service-Providing,113247000
2009-06-01,National,Total Private,109369000
2009-05-01,National,Goods Producing,18660000
2009-05-01,National,Government,23025000
2009-05-01,National,Service-Providing,113454000
2009-05-01,National,Total Private,109089000
2009-04-01,National,Goods Producing,18666000
2009-04-01,National,Government,23094000
2009-04-01,National,Service-Providing,113176000
2009-04-01,National,Total Private,108748000
2009-03-01,National,Goods Producing,18776000
2009-03-01,National,Government,22960000
2009-03-01,National,Service-Providing,112883000
2009-03-01,National,Total Private,108699000
2009-02-01,National,Goods Producing,18998000
2009-02-01,National,Government,22870000
2009-02-01,National,Service-Providing,112794000
2009-02-01,National,Total Private,108922000
2009-01-01,National,Goods Producing,19349000
2009-01-01,National,Government,22471000
2009-01-01,National,Service-Providing,112672000
2009-01-01,National,Total Private,109550000
2008-12-01,National,Goods Producing,20263000
2008-12-01,National,Government,22917000
2008-12-01,National,Service-Providing,115450000
2008-12-01,National,Total Private,112796000
2008-11-01,National,Goods Producing,20813000
2008-11-01,National,Government,23051000
2008-11-01,National,Service-Providing,115931000
2008-11-01,National,Total Private,113693000
2008-10-01,National,Goods Producing,21212000
2008-10-01,National,Government,22937000
2008-10-01,National,Service-Providing,116212000
2008-10-01,National,Total Private,114487000
2008-09-01,National,Goods Producing,21476000
2008-09-01,National,Government,22373000
2008-09-01,National,Service-Providing,115654000
2008-09-01,National,Total Private,114757000
2008-08-01,National,Goods Producing,21690000
2008-08-01,National,Government,21436000
2008-08-01,National,Service-Providing,115387000
2008-08-01,National,Total Private,115641000
2008-07-01,National,Goods Producing,21703000
2008-07-01,National,Government,21346000
2008-07-01,National,Service-Providing,115481000
2008-07-01,National,Total Private,115838000
2008-06-01,National,Goods Producing,21779000
2008-06-01,National,Government,22497000
2008-06-01,National,Service-Providing,116886000
2008-06-01,National,Total Private,116168000
2008-05-01,National,Goods Producing,21614000
2008-05-01,National,Government,22881000
2008-05-01,National,Service-Providing,116856000
2008-05-01,National,Total Private,115589000
2008-04-01,National,Goods Producing,21420000
2008-04-01,National,Government,22849000
2008-04-01,National,Service-Providing,116474000
2008-04-01,National,Total Private,115045000
2008-03-01,National,Goods Producing,21347000
2008-03-01,National,Government,22840000
2008-03-01,National,Service-Providing,116014000
2008-03-01,National,Total Private,114521000
2008-02-01,National,Goods Producing,21292000
2008-02-01,National,Government,22736000
2008-02-01,National,Service-Providing,115478000
2008-02-01,National,Total Private,114034000
2008-01-01,National,Goods Producing,21402000
2008-01-01,National,Government,22250000
2008-01-01,National,Service-Providing,114850000
2008-01-01,National,Total Private,114002000
2007-12-01,National,Goods Producing,21904000
2007-12-01,National,Government,22738000
2007-12-01,National,Service-Providing,117375000
2007-12-01,National,Total Private,116541000
2007-11-01,National,Goods Producing,22181000
2007-11-01,National,Government,22799000
2007-11-01,National,Service-Providing,117313000
2007-11-01,National,Total Private,116695000
2007-10-01,National,Goods Producing,22346000
2007-10-01,National,Government,22657000
2007-10-01,National,Service-Providing,116835000
2007-10-01,National,Total Private,116524000
2007-09-01,National,Goods Producing,22462000
2007-09-01,National,Government,22086000
2007-09-01,National,Service-Providing,115973000
2007-09-01,National,Total Private,116349000
2007-08-01,National,Goods Producing,22604000
2007-08-01,National,Government,21077000
2007-08-01,National,Service-Providing,115268000
2007-08-01,National,Total Private,116795000
2007-07-01,National,Goods Producing,22617000
2007-07-01,National,Government,20963000
2007-07-01,National,Service-Providing,115143000
2007-07-01,National,Total Private,116797000
2007-06-01,National,Goods Producing,22647000
2007-06-01,National,Government,22176000
2007-06-01,National,Service-Providing,116509000
2007-06-01,National,Total Private,116980000
2007-05-01,National,Goods Producing,22354000
2007-05-01,National,Government,22585000
2007-05-01,National,Service-Providing,116300000
2007-05-01,National,Total Private,116069000
2007-04-01,National,Goods Producing,22103000
2007-04-01,National,Government,22568000
2007-04-01,National,Service-Providing,115609000
2007-04-01,National,Total Private,115144000
2007-03-01,National,Goods Producing,21941000
2007-03-01,National,Government,22550000
2007-03-01,National,Service-Providing,114966000
2007-03-01,National,Total Private,114357000
2007-02-01,National,Goods Producing,21753000
2007-02-01,National,Government,22445000
2007-02-01,National,Service-Providing,114255000
2007-02-01,National,Total Private,113563000
2007-01-01,National,Goods Producing,21883000
2007-01-01,National,Government,21974000
2007-01-01,National,Service-Providing,113434000
2007-01-01,National,Total Private,113343000
2006-12-01,National,Goods Producing,22323000
2006-12-01,National,Government,22454000
2006-12-01,National,Service-Providing,115784000
2006-12-01,National,Total Private,115653000
2006-11-01,National,Goods Producing,22535000
2006-11-01,National,Government,22558000
2006-11-01,National,Service-Providing,115682000
2006-11-01,National,Total Private,115659000
2006-10-01,National,Goods Producing,22732000
2006-10-01,National,Government,22424000
2006-10-01,National,Service-Providing,115099000
2006-10-01,National,Total Private,115407000
2006-09-01,National,Goods Producing,22848000
2006-09-01,National,Government,21919000
2006-09-01,National,Service-Providing,114281000
2006-09-01,National,Total Private,115210000
2006-08-01,National,Goods Producing,22996000
2006-08-01,National,Government,20827000
2006-08-01,National,Service-Providing,113466000
2006-08-01,National,Total Private,115635000
2006-07-01,National,Goods Producing,22930000
2006-07-01,National,Government,20779000
2006-07-01,National,Service-Providing,113326000
2006-07-01,National,Total Private,115477000
2006-06-01,National,Goods Producing,22944000
2006-06-01,National,Government,21875000
2006-06-01,National,Service-Providing,114488000
2006-06-01,National,Total Private,115557000
2006-05-01,National,Goods Producing,22647000
2006-05-01,National,Government,22306000
2006-05-01,National,Service-Providing,114280000
2006-05-01,National,Total Private,114621000
2006-04-01,National,Goods Producing,22398000
2006-04-01,National,Government,22315000
2006-04-01,National,Service-Providing,113726000
2006-04-01,National,Total Private,113809000
2006-03-01,National,Goods Producing,22132000
2006-03-01,National,Government,22307000
2006-03-01,National,Service-Providing,113077000
2006-03-01,National,Total Private,112902000
2006-02-01,National,Goods Producing,21966000
2006-02-01,National,Government,22194000
2006-02-01,National,Service-Providing,112263000
2006-02-01,National,Total Private,112035000
2006-01-01,National,Goods Producing,21914000
2006-01-01,National,Government,21727000
2006-01-01,National,Service-Providing,111388000
2006-01-01,National,Total Private,111575000
2005-12-01,National,Goods Producing,22296000
2005-12-01,National,Government,22225000
2005-12-01,National,Service-Providing,113658000
2005-12-01,National,Total Private,113729000
2005-11-01,National,Goods Producing,22519000
2005-11-01,National,Government,22334000
2005-11-01,National,Service-Providing,113639000
2005-11-01,National,Total Private,113824000
2005-10-01,National,Goods Producing,22553000
2005-10-01,National,Government,22183000
2005-10-01,National,Service-Providing,113046000
2005-10-01,National,Total Private,113416000
2005-09-01,National,Goods Producing,22525000
2005-09-01,National,Government,21707000
2005-09-01,National,Service-Providing,112344000
2005-09-01,National,Total Private,113162000
2005-08-01,National,Goods Producing,22634000
2005-08-01,National,Government,20682000
2005-08-01,National,Service-Providing,111610000
2005-08-01,National,Total Private,113562000
2005-07-01,National,Goods Producing,22539000
2005-07-01,National,Government,20650000
2005-07-01,National,Service-Providing,111454000
2005-07-01,National,Total Private,113343000
2005-06-01,National,Goods Producing,22532000
2005-06-01,National,Government,21719000
2005-06-01,National,Service-Providing,112521000
2005-06-01,National,Total Private,113334000
2005-05-01,National,Goods Producing,22228000
2005-05-01,National,Government,22165000
2005-05-01,National,Service-Providing,112156000
2005-05-01,National,Total Private,112219000
2005-04-01,National,Goods Producing,21941000
2005-04-01,National,Government,22160000
2005-04-01,National,Service-Providing,111630000
2005-04-01,National,Total Private,111411000
2005-03-01,National,Goods Producing,21640000
2005-03-01,National,Government,22146000
2005-03-01,National,Service-Providing,110718000
2005-03-01,National,Total Private,110212000
2005-02-01,National,Goods Producing,21462000
2005-02-01,National,Government,22049000
2005-02-01,National,Service-Providing,110057000
2005-02-01,National,Total Private,109470000
2005-01-01,National,Goods Producing,21415000
2005-01-01,National,Government,21627000
2005-01-01,National,Service-Providing,109280000
2005-01-01,National,Total Private,109068000
2004-12-01,National,Goods Producing,21919000
2004-12-01,National,Government,22050000
2004-12-01,National,Service-Providing,111480000
2004-12-01,National,Total Private,111349000
2004-11-01,National,Goods Producing,22139000
2004-11-01,National,Government,22173000
2004-11-01,National,Service-Providing,111491000
2004-11-01,National,Total Private,111457000
2004-10-01,National,Goods Producing,22250000
2004-10-01,National,Government,22023000
2004-10-01,National,Service-Providing,111130000
2004-10-01,National,Total Private,111357000
2004-09-01,National,Goods Producing,22242000
2004-09-01,National,Government,21497000
2004-09-01,National,Service-Providing,110156000
2004-09-01,National,Total Private,110901000
2004-08-01,National,Goods Producing,22350000
2004-08-01,National,Government,20453000
2004-08-01,National,Service-Providing,109335000
2004-08-01,National,Total Private,111232000
2004-07-01,National,Goods Producing,22268000
2004-07-01,National,Government,20433000
2004-07-01,National,Service-Providing,109396000
2004-07-01,National,Total Private,111231000
2004-06-01,National,Goods Producing,22228000
2004-06-01,National,Government,21544000
2004-06-01,National,Service-Providing,110596000
2004-06-01,National,Total Private,111280000
2004-05-01,National,Goods Producing,21940000
2004-05-01,National,Government,21988000
2004-05-01,National,Service-Providing,110440000
2004-05-01,National,Total Private,110392000
2004-04-01,National,Goods Producing,21623000
2004-04-01,National,Government,22009000
2004-04-01,National,Service-Providing,109854000
2004-04-01,National,Total Private,109468000
2004-03-01,National,Goods Producing,21341000
2004-03-01,National,Government,21992000
2004-03-01,National,Service-Providing,109020000
2004-03-01,National,Total Private,108369000
2004-02-01,National,Goods Producing,21125000
2004-02-01,National,Government,21846000
2004-02-01,National,Service-Providing,108195000
2004-02-01,National,Total Private,107474000
2004-01-01,National,Goods Producing,21161000
2004-01-01,National,Government,21443000
2004-01-01,National,Service-Providing,107548000
2004-01-01,National,Total Private,107266000
2003-12-01,National,Goods Producing,21607000
2003-12-01,National,Government,21914000
2003-12-01,National,Service-Providing,109761000
2003-12-01,National,Total Private,109454000
2003-11-01,National,Goods Producing,21823000
2003-11-01,National,Government,21979000
2003-11-01,National,Service-Providing,109725000
2003-11-01,National,Total Private,109569000
2003-10-01,National,Goods Producing,21941000
2003-10-01,National,Government,21871000
2003-10-01,National,Service-Providing,109442000
2003-10-01,National,Total Private,109512000
2003-09-01,National,Goods Producing,22015000
2003-09-01,National,Government,21328000
2003-09-01,National,Service-Providing,108575000
2003-09-01,National,Total Private,109262000
2003-08-01,National,Goods Producing,22113000
2003-08-01,National,Government,20402000
2003-08-01,National,Service-Providing,107822000
2003-08-01,National,Total Private,109533000
2003-07-01,National,Goods Producing,22043000
2003-07-01,National,Government,20446000
2003-07-01,National,Service-Providing,107841000
2003-07-01,National,Total Private,109438000
2003-06-01,National,Goods Producing,22126000
2003-06-01,National,Government,21587000
2003-06-01,National,Service-Providing,109095000
2003-06-01,National,Total Private,109634000
2003-05-01,National,Goods Producing,21892000
2003-05-01,National,Government,21986000
2003-05-01,National,Service-Providing,109000000
2003-05-01,National,Total Private,108906000
2003-04-01,National,Goods Producing,21653000
2003-04-01,National,Government,22000000
2003-04-01,National,Service-Providing,108478000
2003-04-01,National,Total Private,108131000
2003-03-01,National,Goods Producing,21529000
2003-03-01,National,Government,22017000
2003-03-01,National,Service-Providing,107945000
2003-03-01,National,Total Private,107457000
2003-02-01,National,Goods Producing,21457000
2003-02-01,National,Government,21925000
2003-02-01,National,Service-Providing,107520000
2003-02-01,National,Total Private,107052000
2003-01-01,National,Goods Producing,21596000
2003-01-01,National,Government,21542000
2003-01-01,National,Service-Providing,106965000
2003-01-01,National,Total Private,107019000
2002-12-01,National,Goods Producing,22107000
2002-12-01,National,Government,21957000
2002-12-01,National,Service-Providing,109135000
2002-12-01,National,Total Private,109285000
2002-11-01,National,Goods Producing,22401000
2002-11-01,National,Government,22016000
2002-11-01,National,Service-Providing,109250000
2002-11-01,National,Total Private,109635000
2002-10-01,National,Goods Producing,22574000
2002-10-01,National,Government,21878000
2002-10-01,National,Service-Providing,108956000
2002-10-01,National,Total Private,109652000
2002-09-01,National,Goods Producing,22715000
2002-09-01,National,Government,21365000
2002-09-01,National,Service-Providing,108144000
2002-09-01,National,Total Private,109494000
2002-08-01,National,Goods Producing,22864000
2002-08-01,National,Government,20396000
2002-08-01,National,Service-Providing,107477000
2002-08-01,National,Total Private,109945000
2002-07-01,National,Goods Producing,22845000
2002-07-01,National,Government,20366000
2002-07-01,National,Service-Providing,107410000
2002-07-01,National,Total Private,109889000
2002-06-01,National,Goods Producing,22911000
2002-06-01,National,Government,21542000
2002-06-01,National,Service-Providing,108784000
2002-06-01,National,Total Private,110153000
2002-05-01,National,Goods Producing,22666000
2002-05-01,National,Government,21947000
2002-05-01,National,Service-Providing,108648000
2002-05-01,National,Total Private,109367000
2002-04-01,National,Goods Producing,22480000
2002-04-01,National,Government,21846000
2002-04-01,National,Service-Providing,108063000
2002-04-01,National,Total Private,108697000
2002-03-01,National,Goods Producing,22365000
2002-03-01,National,Government,21836000
2002-03-01,National,Service-Providing,107590000
2002-03-01,National,Total Private,108119000
2002-02-01,National,Goods Producing,22332000
2002-02-01,National,Government,21711000
2002-02-01,National,Service-Providing,107015000
2002-02-01,National,Total Private,107636000
2002-01-01,National,Goods Producing,22423000
2002-01-01,National,Government,21299000
2002-01-01,National,Service-Providing,106453000
2002-01-01,National,Total Private,107577000
2001-12-01,National,Goods Producing,23017000
2001-12-01,National,Government,21708000
2001-12-01,National,Service-Providing,108741000
2001-12-01,National,Total Private,110050000
2001-11-01,National,Goods Producing,23335000
2001-11-01,National,Government,21732000
2001-11-01,National,Service-Providing,108807000
2001-11-01,National,Total Private,110410000
2001-10-01,National,Goods Producing,23636000
2001-10-01,National,Government,21573000
2001-10-01,National,Service-Providing,108693000
2001-10-01,National,Total Private,110756000
2001-09-01,National,Goods Producing,23855000
2001-09-01,National,Government,21056000
2001-09-01,National,Service-Providing,108273000
2001-09-01,National,Total Private,111072000
2001-08-01,National,Goods Producing,24094000
2001-08-01,National,Government,20049000
2001-08-01,National,Service-Providing,107766000
2001-08-01,National,Total Private,111811000
2001-07-01,National,Goods Producing,24166000
2001-07-01,National,Government,20049000
2001-07-01,National,Service-Providing,107765000
2001-07-01,National,Total Private,111882000
2001-06-01,National,Goods Producing,24310000
2001-06-01,National,Government,21132000
2001-06-01,National,Service-Providing,109111000
2001-06-01,National,Total Private,112289000
2001-05-01,National,Goods Producing,24153000
2001-05-01,National,Government,21432000
2001-05-01,National,Service-Providing,108889000
2001-05-01,National,Total Private,111610000
2001-04-01,National,Goods Producing,24034000
2001-04-01,National,Government,21387000
2001-04-01,National,Service-Providing,108301000
2001-04-01,National,Total Private,110948000
2001-03-01,National,Goods Producing,23981000
2001-03-01,National,Government,21339000
2001-03-01,National,Service-Providing,107948000
2001-03-01,National,Total Private,110590000
2001-02-01,National,Goods Producing,23920000
2001-02-01,National,Government,21208000
2001-02-01,National,Service-Providing,107414000
2001-02-01,National,Total Private,110126000
2001-01-01,National,Goods Producing,23979000
2001-01-01,National,Government,20753000
2001-01-01,National,Service-Providing,106688000
2001-01-01,National,Total Private,109914000
2000-12-01,National,Goods Producing,24504000
2000-12-01,National,Government,21160000
2000-12-01,National,Service-Providing,109037000
2000-12-01,National,Total Private,112381000
2000-11-01,National,Goods Producing,24752000
2000-11-01,National,Government,21193000
2000-11-01,National,Service-Providing,108849000
2000-11-01,National,Total Private,112408000
2000-10-01,National,Goods Producing,24900000
2000-10-01,National,Government,21036000
2000-10-01,National,Service-Providing,108336000
2000-10-01,National,Total Private,112200000
2000-09-01,National,Goods Producing,24930000
2000-09-01,National,Government,20549000
2000-09-01,National,Service-Providing,107747000
2000-09-01,National,Total Private,112128000
2000-08-01,National,Goods Producing,25092000
2000-08-01,National,Government,19646000
2000-08-01,National,Service-Providing,106917000
2000-08-01,National,Total Private,112363000
2000-07-01,National,Goods Producing,25038000
2000-07-01,National,Government,19748000
2000-07-01,National,Service-Providing,106959000
2000-07-01,National,Total Private,112249000
2000-06-01,National,Goods Producing,25021000
2000-06-01,National,Government,20916000
2000-06-01,National,Service-Providing,108197000
2000-06-01,National,Total Private,112302000
2000-05-01,National,Goods Producing,24674000
2000-05-01,National,Government,21543000
2000-05-01,National,Service-Providing,108032000
2000-05-01,National,Total Private,111163000
2000-04-01,National,Goods Producing,24474000
2000-04-01,National,Government,21191000
2000-04-01,National,Service-Providing,107275000
2000-04-01,National,Total Private,110558000
2000-03-01,National,Goods Producing,24270000
2000-03-01,National,Government,21120000
2000-03-01,National,Service-Providing,106482000
2000-03-01,National,Total Private,109632000
2000-02-01,National,Goods Producing,24055000
2000-02-01,National,Government,20881000
2000-02-01,National,Service-Providing,105600000
2000-02-01,National,Total Private,108774000
2000-01-01,National,Goods Producing,24080000
2000-01-01,National,Government,20491000
2000-01-01,National,Service-Providing,104913000
2000-01-01,National,Total Private,108502000
